affinity,sequence_aa_light,sequence_aa_heavy
2.67E-11,DIQMTQSPSSVSASVGDRVTITCRASQSIGSFLAWYQQKPGKAPKLLIYEASTLKPGVPSRFSGSGSGTDFTLTISSLQPEDFANYYCHQYAAYPWTFGGGTKVEIK,QVQLVQSGAEVKKPGASVKVSCKVSGYTSPTTIHWVRQAPGKGLEWMGGISPYRGDTIYAQKFQGRVTMTEDTSTDTAYMELSSLKSEDTAVYYCARDGYSSGYYGMDVWGQGTTVTVSS
3.33E-11,DIQMTQSPSSVSASVGDRVTITCRASQNIHSYLAWYQQKPGKAPKLLIYDASILASGVPSRFSGSGSGTDFTLTISSLQPEDFANYYCQQYSTHSWTFGGGTKVEIK,QVQLVQSGAEVKKPGASVKVSCKVSGYPFTRSTIHWVRQAPGKGLEWMGGINAGTGDTIYAQKFQGRVTMTEDTSTDTAYMELSSLKSEDTAVYYCARDGYSSGYYGMDVWGQGTTVTVSS
3.38E-11,DIQMTQSPSSVSASVGDRVTITCRASQGIGKYLAWYQQKPGKAPKLLIYDVSSRVTGVPSRFSGSGSGTDFTLTISSLQPEDFANYYCHQYATYPWTFGGGTKVEIK,QVQLVQSGAEVKKPGASVKVSCKVSGYSFTDHSIHWVRQAPGKGLEWMGGINPYTGDTIYAQKFQGRVTMTEDTSTDTAYMELSSLKSEDTAVYYCARDGYGDYRGLYGMDVWGQGTTVTVSS
3.43E-11,DIQMTQSPSSVSASVGDRVTITCRASQSLSGYLAWYQQKPGKAPKLLIYTASNRAAGVPSRFSGSGSGTDFTLTISSLQPEDFANYYCHQYATYPWTFGGGTKVEIK,QVQLVQSGAEVKKPGASVKVSCKVSGYSFTDHSIHWVRQAPGKGLEWMGGINPYTGDTIYAQKFQGRVTMTEDTSTDTAYMELSSLKSEDTAVYYCARDGYGDYRGLYGMDVWGQGTTVTVSS
3.49E-11,DIQMTQSPSSVSASVGDRVTITCRASQDIGNHLAWYQQKPGKAPKLLIYASSNLASGVPSRFSGSGSGTDFTLTISSLQPEDFANYYCHQYATYPWTFGGGTKVEIK,QVQLVQSGAEVKKPGASVKVSCKVSGYTSPATIHWVRQAPGKGLEWMGGISPYKGDTIYAQKFQGRVTMTEDTSTDTAYMELSSLKSEDTAVYYCARDAYPYYYGMDVWGQGTTVTVSS
3.56E-11,DIQMTQSPSSVSASVGDRVTITCRASQDIGNHLAWYQQKPGKAPKLLIYEANKRPSGVPSRFSGSGSGTDFTLTISSLQPEDFANYYCHQYNAYPWTFGGGTKVEIK,QVQLVQSGAEVKKPGASVKVSCKVSGYSFTDHSIHWVRQAPGKGLEWMGGINPYTGDTIYAQKFQGRVTMTEDTSTDTAYMELSSLKSEDTAVYYCARDGYGDYRGLYGMDVWGQGTTVTVSS
3.59E-11,DIQMTQSPSSVSASVGDRVTITCRASQNIHSYLAWYQQKPGKAPKLLIYEASTLKPGVPSRFSGSGSGTDFTLTISSLQPEDFANYYCHQYAAYPWTFGGGTKVEIK,QVQLVQSGAEVKKPGASVKVSCKVSGYPFTRSTIHWVRQAPGKGLEWMGGINAGTGDTIYAQKFQGRVTMTEDTSTDTAYMELSSLKSEDTAVYYCARDGYSSGYYGMDVWGQGTTVTVSS
3.68E-11,DIQMTQSPSSVSASVGDRVTITCRASQDIGNHLAWYQQKPGKAPKLLIYASSNLASGVPSRFSGSGSGTDFTLTISSLQPEDFANYYCHQYATYPWTFGDGTKVEIK,QVQLVQSGAEVKKPGASVKVSCKVSGYSFTDHSIHWVRQAPGKGLEWMGGINPYTGDTIYAQKFQGRVTMTEDTSTDTAYMELSSLKSEDTAVYYCARDGYGDYRGLYGMDVWGQGTTVTVSS
3.71E-11,DIQMTQSPSSVSASVGDRVTITCRASRDINKYLAWYQQKPGKAPKLLIYDAATRATGIPSRFSGSGSGTDFTLTISSLQPEDFANYYCHQYATYPWTFGGGTKVEIK,QVQLVQSGAEVKKPGASVKVSCKVSGYSFTDHSIHWVRQAPGKGLEWMGGINPYTGDTIYAQKFQGRVTMTEDTSTDTAYMELSSLKSEDTAVYYCARDGYGDYRGLYGMDVWGQGTTVTVSS
3.76E-11,DIQMTQSPSSVSASVGDRVTITCRASQSIGTYLAWYQQKPGKAPKLLIYSGSTLPSGVPSRFSGSGSGTDFTLTISSLQPEDFANYYCHQYATYPWTFGGGTKVEIK,QVQLVQSGAEVKKPGASVKVSCKVSGYSFTDHSIHWVRQAPGKGLEWMGGINPYTGDTIYAQKFQGRVTMTEDTSTDTAYMELSSLKSEDTAVYYCARDGYSYGYLSGMDVWGQGTTVTVSS
3.97E-11,DIQMTQSPSSVSASVGDRVTITCRASQAIGSYLAWYQQKPGKAPKLLIYKASSLERGVPSRFSGSGSGTDFTLTISSLQPEDFANYYCHQYATYPWTFGGGTKVEIK,QVQLVQSGAEVKKPGASVKVSCKVSGYSFTDHSIHWVRQAPGKGLEWMGGINPYTGDTIYAQKFQGRVTMTEDTSTDTAYMELSSLKSEDTAVYYCARDGYGDYRGLYGMDVWGQGTTVTVSS
4.00E-11,DIQMTQSPSSVSASVGDRVTITCRASQDIGNHLAWYQQKPGKAPKLLIYASSNLASGVPSRFSGSGSGTDFTLTISSLQPEDFANYYCHQYATYPWTFGGGTKVEIK,QVQLVQSGAEVKKPGASVKVSCKVSGYSFTDHSIHWVRQAPGKGLEWMGGINPNIGDTIYAQKFQGRVTMTEDTSTDTAYMELSSLKSEDTAVYYCARDGYSGYESSYYYYGMDVWGQGTTVTVSS
4.16E-11,DIQMTQSPSSVSASVGDRVTITCRASHNIGSYLAWYQQKPGKAPKLLIYDASTLRSGVPSRFSGSGSGTDFTLTISSLQPEDFANYYCHQYATYPWTFGGGTKVEIK,QVQLVQSGAEVKKPGASVKVSCKVSGYTFSNHAIHWVRQAPGKGLEWMGGINPNIGDTIYAQKFQGRVTMTEDTSTDTAYMELSSLKSEDTAVYYCARDGYSYGYLSGMDVWGQGTTVTVSS
4.22E-11,DIQMTQSPSSVSASVGDRVTITCRASQDIGSYLAWYQQKPGKAPKLLIYGASNLESGVPSRFSGSGSGTDFTLTISSLQPEDFANYYCQQYSTHSWTFGGGTKVEIK,QVQLVQSGAEVKKPGASVKVSCKVSGYPFTRSTIHWVRQAPGKGLEWMGGINAGTGDTIYAQKFQGRVTMTEDTSTDTAYMELSSLKSEDTAVYYCAKDGWGSLLNGIAVAGLDYWGQGTTVTVSS
4.30E-11,DIQMTQSPSSVSASVGDRVTITCRASQNINDYLAWYQQKPGKAPKLLIYNVSNRFSGVPSRFSGSGSGTDFTLTISSLQPEDFANYYCHQYATYPWTFGDGTKVEIK,QVQLVQSGAEVKKPGASVKVSCKVSGYSFTDHSIHWVRQAPGKGLEWMGGINPYTGDTIYAQKFQGRVTMTEDTSTDTAYMELSSLKSEDTAVYYCARDAYSGSYPYYYYGMDVWGQGTTVTVSS
4.87E-11,DIQMTQSPSSVSASVGDRVTITCRASRSISGYLAWYQQKPGKAPKLLIYDANARATGIPSRFSGSGSGTDFTLTISSLQPEDFANYYCHQYSTFPWTFGGGTKVEIK,QVQLVQSGAEVKKPGASVKVSCKVSGYTFSNHAIHWVRQAPGKGLEWMGGINPNIGDTIYAQKFQGRVTMTEDTSTDTAYMELSSLKSEDTAVYYCARDGYSYGYLSGMDVWGQGTTVTVSS
4.95E-11,DIQMTQSPSSVSASVGNRVTITCRASHDISNYLAWYQQKPGKAPKLLIYESNQRPSGVPSRFSGSGSGTDFTLTISSLQPEDFANYYCHQYAAYPWTFGGGTKVEIK,QVQLVQSGAEVKKPGASVKVSCKVSGYPFTSYAIHWVRQAPGKGLEWMGGITPYNADTIYAQKFQGRVTMTEDTSTDTAYMELSSLKSEDTAVYYCARDGYSYGYLSGMDVWGQGTTVTVSS
5.61E-11,DIQMTQSPSSVSASVGDRVTITCRASQDIDTYLAWYQQKPGKAPKLLIYGASIRESGVPSRFSGSGSGTDFTLTISSLQPEDFANYYCHQYATYPWTFGGGTKVEIK,QVQLVQSGAEVKKPGASVKVSCKVSGYSFTDHSIHWVRQAPGKGLEWMGGINPYTGDTIYAQKFQGRVTMTEDTSTDTAYMELSSLKSEDTAVYYCARDGYDFWSGSYGMDVWGQGTTVTVSS
5.72E-11,DIQMTQSPSSVSASVGDRVTITCRASQGISTYLAWYQQKPGKAPKLLIYDAATRATGIPSRFSGSGSGTDFTLTISSLQPEDFANYYCQQYSTHSWTFGGGTKVEIK,QVQLVQSGAEVKKPGASVKVSCKVSGYSFTDHSIHWVRQAPGKGLEWMGGINPYTGDTIYAQKFQGRVTMTEDTSTDTAYMELSSLKSEDTAVYYCARDGYSYGYLSGMDVWGQGTTVTVSS
5.86E-11,DIQMTQSPSSVSASVGDRVTITCRASQGIGTYLAWYQQKPGKAPKLLIYESNQRPSGVPSRFSGSGSGTDFTLTISSLQPEDFANYYCQQYSVYPWTFGGGTKVEIK,QVQLVQSGAEVKKPGASVKVSCKVSGYPFTNYAIHWVRQAPGKGLEWMGGITPYNADTIYAQKFQGRVTMTEDTSTDTAYMELSSLKSEDTAVYYCARDGYSYGYLSGMDVWGQGTTVTVSS
7.99E-11,DIQMTQSPSSVSASVGDRVTITCRASQGINRYLAWYQQKPGKAPKLLIYEASTLKPGVPSRFSGSGSGTDFTLTISSLQPEDFANYYCHQYAAYPWTFGGGTKVEIK,QVQLVQSGAEVKKPGASVKVSCKVSGYPFTRSTIHWVRQAPGKGLEWMGGINAGTGDTIYAQKFQGRVTMTEDTSTDTAYMELSSLKSEDTAVYYCARDGYSSGYYGMDVWGQGTTVTVSS
8.56E-11,DIQMTQSPSSVSASVGDRVTITCRASQGISKYLAWYQQKPGKAPKLLIYEASTLKPGVPSRFSGSGSGTDFTLTISSLQPEDFANYYCHQYAAYPWTFGGGTKVEIK,QVQLVQSGAEVKKPGASVKVSCKVSGYPFTRSTIHWVRQAPGKGLEWMGGINAGTGDTIYAQKFQGRVTMTEDTSTDTAYMELSSLKSEDTAVYYCARDGYSSGYYGMDVWGQGTTVTVSS
8.83E-11,DIQMTQSPSSVSASVGDRVTITCRASQDIGNHLAWYQQKPGKAPKLLIYASSNLASGVPSRFSGSGSGTDFTLTISSLQPEDFANYYCHQYATYPWTFGGGTKVEIK,QVQLVQSGAEVKKPGASVKVSCKVSGYSFTDHSIHWVRQAPGKGLEWMGGINPNIGDTIYAQKFQGRVTMTEDTSTDTAYMELSSLKSEDTAVYYCARDGYGDYRGLYGMDVWGQGTTVTVSS
9.81E-11,DIQMTQSPSSVSASVGDRVTITCRASRDISHHLAWYQQKPGKAPKLLIYAGSSRASGVPSRFSGSGSGTDFTLTISSLQPEDFANYYCHQYATYPWTFGGGTKVEIK,QVQLVQSGAEVKKPGASVKVSCKVSGYSFTDHSIHWVRQAPGKGLEWMGGINPYTGDTIYAQKFQGRVTMTEDTSTDTAYMELSSLKSEDTAVYYCARDGYDFWSGSYGMDVWGQGAQVTVSS
1.08E-10,DIQMTQSPSSVSASVGDRVTITCRASQGIDNYLAWYQQKPGKAPKLLIYGASNRAIGIPSRFSGSGSGTDFTLTISSLQPEDFANYYCHQYATYPWTFGGGTKVEIK,QVQLVQSGAEVKKPGASVKVSCKVSGYSFTDHSIHWVRQAPGKGLEWMGGINPYTGDTIYAQKFQGRVTMTEDTSTDTAYMELSSLKSEDTAVYYCARDAYPGYYGMDVWGPGTLVTVSS
1.26E-10,DIQMTQSPSSVSASVGDRVTITCRASQSIASHLAWYQQKPGKAPKLLIYEASTLKPGVPSRFSGSGSGTDFTLTISSLQPEDFANYYCHQYAAYPWTFGGGTKVEIK,QVQLVQSGAEVKKPGASVKVSCKVSGYPFTRSTIHWVRQAPGKGLEWMGGINAGTGDTIYAQKFQGRVTMTEDTSTDTAYMELSSLKSEDTAVYYCARDGYSSGYYGMDVWGQGTTVTVSS
1.39E-10,DIQMTQSPSSVSASVGDRVTITCRASQDIGNHLAWYQQKPGKAPKLLIYASSNLASGVPSRFSGSGSGTDFTLTISSLQPEDFANYYCHQYATYPWTFGGGTKVEIK,QVQLVQSGAEVKKPGASVKVSCKVSGYSFTDHSIHWVRQAPGKGLEWMGGINPYTGDTIYAQKFQGRVTMTEDTSTDTAYMELSSLKSEDTAVYYCARDGYYGSGTYYYYGMDVWGQGTTVTVSS
1.45E-10,DIQMTQSPSSVSASVGDRVTITCRASRDISHHLAWYQQKPGKAPKLLIYAGSSRASGVPSRFSGSGSGTDFTLTISSLQPEDFANYYCQQYGAYPWTFGGGTKVEIK,QVQLVQSGAEVKKPGASVKVSCKVSGYSFTDHSIHWVRQAPGKGLEWMGGINPYTGDTIYAQKFQGRVTMTEDTSTDTAYMELSSLKSEDTAVYYCARDGYGDYRGLYGMDVWGQGTTVTVSS
1.52E-10,DIQMTQSPSSVSASVGDRVTITCRASEGISNYLAWYQQKPGKAPKLLIYQDKQRPSGVPSRFSGSGSGTDFTLTISSLQPEDFANYYCQQYSAFPWTFGGGTKVEIK,QVQLVQSGAEVKKPGASVKVSCKVSGYTFSNHAIHWVRQAPGKGLEWMGGINPNIGDTIYAQKFQGRVTMTEDTSTDTAYMELSSLKSEDTAVYYCARDGYSSGYYGMDVWGQGTTVTVSS
1.75E-10,DIQMTQSPSSVSASVGDRVTITCRASQSIGTYLAWYQQKPGKAPKLLIYSGSTLQSGVPSRFSGSGSGTDFTLTISSLQPEDFANYYCHQYATYPWTFGGGTKVEIK,QVQLVQSGAEVKKPGASVKVSCKVSGYSFTDHSIHWVRQAPGKGLEWMGGINPYTGDTIYAQKFQGRVTMTEDTSTDTAYMELSSLKSEDTAVYYCARDGYDFWSGSYGMDVWGQGTTVTVSS
1.83E-10,DIQMTQSPSSVSASVGDRVTITCRASQDISDNLAWYQQKPGKAPKLLIYGASNLESGVPSRFSGSGSGTDFTLTISSLQPEDFANYYCHQYATYPWTFGGGTKVEIK,QVQLVQSGAEVKKPGASVKVSCKVSGYSFTDHSIHWVRQAPGKGLEWMGGINPYTGDTIYAQKFQGRVTMTEDTSTDTAYMELSSLKSEDTAVYYCARDGYGDYRGLYGMDVWGQGTTVTVSS
1.93E-10,DIQMTQSPSSVSASVGDRVTITCRASQDIKNYLAWYQQKPGKAPKLLIYDASNLASGVPSRFSGSGSGTDFTLTISSLQPEDFANYYCHQYATYPWTFGGGTKVEIK,QVQLVQSGAEVKKPGASVKVSCKVSGYSFTDHSIHWVRQAPGKGLEWMGGINPYTGDTIYAQKFQGRVTMTEDTSTDTAYMELSSLKSEDTAVYYCARDGYGDYRGLYGMDVWGQGTTVTVSS
1.95E-10,DIQMTQSPSSVSASVGDRVTITCRASQNIHSYLAWYQQKPGKAPKLLIYGESNRATGVPSRFSGSGSGTDFTLTISSLQPEDFANYYCHQYAAYPWTFGGGTKVEIK,QVQLVQSGAEVKKPGASVKVSCKVSGYPFTRSTIHWVRQAPGKGLEWMGGINAGTGDTIYAQKFQGRVTMTEDTSTDTAYMELSSLKSEDTAVYYCARDGYSSGYYGMDVWGQGTTVTVSS
1.98E-10,DIQMTQSPSSVSASVGDRVTITCRASQGISTNLAWYQQKPGKAPKLLIYEASTLKPGVPSRFSGSGSGTDFTLTISSLQPEDFANYYCHQYAAYPWTFGGGTKVEIK,QVQLVQSGAEVKKPGASVKVSCKVSGYPFTRSTIHWVRQAPGKGLEWMGGINAGTGDTIYAQKFQGRVTMTEDTSTDTAYMELSSLKSEDTAVYYCARDGYSSGYYGMDVWGQGTTVTVSS
2.60E-10,DIQMTQSPSSVSASVGDRVTITCRASQNIHSYLAWYQQKPGKAPKLLIYDTSKLQSGVPSRFSGSGSGTDFTLTISSLQPEDFANYYCHQYAAYPWTFGGGTKVEIK,QVQLVQSGAEVKKPGASVKVSCKVSGYPFTRSTIHWVRQAPGKGLEWMGGINAGTGDTIYAQKFQGRVTMTEDTSTDTAYMELSSLKSEDTAVYYCARDGYSSGYYGMDVWGQGTTVTVSS
2.64E-10,DIQMTQSPSSVSASVGDRVTITCRASQDIGNHLAWYQQKPGKAPKLLIYEANKRPSGVPSRFSGSGSGTDFTLTISSLQPEDFANYYCHQYATYPWTFGGGTKVEIK,QVQLVQSGAEVKKPGASVKVSCKVSGYSFTDHSIHWVRQAPGKGLEWMGGINPYTGDTIYAQKFQGRVTMTEDTSTDTAYMELSSLKSEDTAVYYCARDGYGDYRGLYGMDVWGQGTTVTVSS
2.68E-10,DIQMTQSPSSVSASVGDRVTITCRASQNINDYLAWYQQKPGKAPKLLIYGASNLASGVPSRFSGSGSGTDFTLTISSLQPEDFANYYCHQYATYPWTFGGGTKVEIK,QVQLVQSGAEVKKPGASVKVSCKVSGYTFSNHAIHWVRQAPGKGLEWMGGINPNIGDTIYAQKFQGRVTMTEDTSTDTAYMELSSLKSEDTAVYYCARDGYSYGYLSGMDVWGQGTTVTVSS
2.99E-10,DIQMTQSPSSVSASVGDRVTITCRASQDIGNHLAWYQQKPGKAPKLLIYGTSSRVTGVPSRFSGSGSGTDFTLTISSLQPEDFANYYCHQYATYPWTFGGGTKVEIK,QVQLVQSGAEVKKPGASVKVSCKVSGYSFTDHSIHWVRQAPGKGLEWMGGINPYTGDTIYAQKFQGRVTMTEDTSTDTAYMELSSLKSEDTAVYYCARDGYGDYRGLYGMDVWGQGTTVTVSS
3.27E-10,DIQMTQSPSSVSASVGDRVTITCRASQNIDTFLAWYQQKPGKAPKLLIYDAATRATGIPSRFSGSGSGTDFTLTISSLQPEDFANYYCHQYATYPWTFGGGTKVEIK,QVQLVQSGAEVKKPGASVKVSCKVSGYSFTDHSIHWVRQAPGKGLEWMGGINPYTGDTIYAQKFQGRVTMTEDTSTDTAYMELSSLKSEDTAVYYCARDGYGDYRGLYGMDVWGQGTTVTVSS
3.37E-10,DIQMTQSPSSVSASVGDRVTITCRASEGISNYLAWYQQKPGKAPKLLIYGASIRESGVPSRFSGSGSGTDFTLTISSLQPEDFANYYCQQYSAFPWTFGGGTKVEIK,QVQLVQSGAEVKKPGASVKVSCKVSGYTFTANAIHWVRQAPGKGLEWMGGIGPGQGDTIYAQKFQGRVTMTEDTSTDTAYMELSSLKSEDTAVYYCARDGHCSGGSCPSGMDVWGQGTTVTVSS
3.41E-10,DIQMTQSPSSVSASVGDRVTITCRASQGIGTYLAWYQQKPGKAPKLLIYAASNLQDGVPSRFSGSGSGTDFTLTISSLQPEDFANYYCHQYAAYPWTFGGGTKVEIK,QVQLVQSGAEVKKPGASVKVSCKVSGYPFTRSTIHWVRQAPGKGLEWMGGINAGTGDTIYAQKFQGRVTMTEDTSTDTAYMELSSLKSEDTAVYYCARDGYSSGYYGMDVWGQGTTVTVSS
3.49E-10,DIQMTQSPSSVSASVGDRVTITCRASQNIGTYLAWYQQKPGKAPKLLIYEANKRPSGVPSRFSGSGSGTDFTLTISSLQPEDFANYYCHQYATYPWTFGGGTKVEIK,QVQLVQSGAEVKKPGASVKVSCKVSGYSFTDHSIHWVRQAPGKGLEWMGGINPYTGDTIYAQKFQGRVTMTEDTSTDTAYMELSSLKSEDTAVYYCARDAYGGNSETFWYYGMDVWGQGTTVTVSS
3.68E-10,DIQMTQSPSSVSASVGDRVTITCRASQPISSYLAWYQQKPGKAPKLLIYEASKLQSGVPSRFSGSGSGTDFTLTISSLQPEDFANYYCHQYATYPWTFGGGTKVEIK,QVQLVQSGAEVKKPGASVKVSCKVSGYSFTDHSIHWVRQAPGKGLEWMGGINPYTGDTIYAQKFQGRVTMTEDTSTDTAYMELSSLKSEDTAVYYCARDGYSYGYLSGMDVWGQGTTVTVSS
3.77E-10,DIQMTQSPSSVSASVGDRVTITCRSSQNIGRWLAWYQQKPGKAPKLLIYGTSDRASGIPSRFSGSGSGTDFTLTISSLQPEDFANYYCHQYAAYPWTFGGGTKVEIK,QVQLVQSGAEVKKPGASVKVSCKVSGYPFTRSTIHWVRQAPGKGLEWMGGINAGTGDTIYAQKFQGRVTMTEDTSTDTAYMELSSLKSEDTAVYYCARDGYSSGYYGMDVWGQGTTVTVSS
3.99E-10,DIQMTQSPSSVSASVGDRVTITCRASRDISSYLAWYQQKPGKAPKLLIYASSNLASGVPSRFSGSGSGTDFTLTISSLQPEDFANYYCHQYATYPWTFGGGTKVEIK,QVQLVQSGAEVKKPGASVKVSCKVSGYSFTDHSIHWVRQAPGKGLEWMGGINPYTGDTIYAQKFQGRVTMTEDTSTDTAYMELSSLKSEDTAVYYCAKDGWGSLLNGIAVAGLDYWGQGTLVTVSS
4.24E-10,DIQMTQSPSSVSASVGDRVTITCRASQSIGSFLAWYQQKPGKAPKLLIYGASNRAIGIPSRFSGSGSGTDFTLTISSLQPEDFANYYCHQYATYPWTFGGGTKVEIK,QVQLVQSGAEVKKPGASVKVSCKVSGYSFTDHSIHWVRQAPGKGLEWMGGINPYTGDTIYAQKFQGRVTMTEDTSTDTAYMELSSLKSEDTAVYYCARDGYGDYRGLYGMDVWGQGTTVTVSS
4.25E-10,DIQMTQSPSSVSASVGDRVTITCRASQDIGNHLAWYQQKPGKAPKLLIYASSNLASGVPSRFSGSGSGTDFTLTISSLQPEDFANYYCHQYATYPWTFGGGTKVEIK,QVQLVQSGAEVKKPGASVKVSCKVSGYSFTDHSIHWVRQAPGKGLEWMGGINPYTGDTIYAQKFQGRVTMTEDTSTDTAYMELSSLKSEDTAVYYCARDGYYGSGTVGYYGMDVWGQGTTVTVSS
4.37E-10,DIQMTQSPSSVSASVGDRVTITCRASQDIGNHLAWYQQKPGKAPKLLIYASSNLASGVPSRFSGSGSGTDFTLTISSLQPEDFANYYCHQYATYPWTFGGGTKVEIK,QVQLVQSGAEVKKPGASVKVSCKVSGYSFTDHSIHWVRQAPGKGLEWMGGINPYTGDTIYAQKFQGRVTMTEDTSTDTAYMELSSLKSEDTAVYYCARDAYPGYYGMDVWGQGTTVTVSS
4.43E-10,DIQMTQSPSSVSASVGDRVTITCRASQNIDNYLAWYQQKPGKAPKLLIYGASSRATGVPSRFSGSGSGTDFTLTISSLQPEDFANYYCLQYGSYPWTFGGGTKVEIK,QVQLVQSGAEVKKPGASVKVSCKVSGYTFTDAAIHWVRQAPGKGLEWMGGINPNIGDTIYAQKFQGRVTMTEDTSTDTAYMELSSLKSEDTAVYYCARDGGNWAAPYSMDVWGNGTLVTVSS
4.51E-10,DIQMTQSPSSVSASVGDRVTITCRASQAIGSYLAWYQQKPGKAPKLLIYASSNLASGVPSRFSGSGSGTDFTLTISSLQPEDFANYYCHQYATYPWTFGGGTKVEIK,QVQLVQSGAEVKKPGASVKVSCKVSGYSFTDHSIHWVRQAPGKGLEWMGGINPYTGDTIYAQKFQGRVTMTEDTSTDTAYMELSSLKSEDTAVYYCARDGYSGYESSYYYYGMDVWGQGTTVTVSS
5.09E-10,DIQMTQSPSSVSASVGDRVTITCRASQNIGSHLAWYQQKPGKAPKLLIYGTSTRATGVPSRFSGSGSGTDFTLTISSLQPEDFANYYCHQYAAYPWTFGGGTKVEIK,QVQLVQSGAEVKKPGASVKVSCKVSGYPFTRSTIHWVRQAPGKGLEWMGGINAGTGDTIYAQKFQGRVTMTEDTSTDTAYMELSSLKSEDTAVYYCARDGYSSGYYGMDVWGQGTTVTVSS
5.13E-10,DIQMTQSPSSVSASVGDRVTITCRASQDIGNHLAWYQQKPGKAPKLLIYASSNLASGVPSRFSGSGSGTDFTLTISSLQPEDFANYYCHQYATYPWTFGDGTKVEIK,QVQLVQSGAEVKKPGASVKVSCKVSGYSFSTYTIHWVRQAPGKGLEWMGGINPRDATTIYAQKFQGRVTMTEDTSTDTAYMELSSLKSEDTAVYYCARDGYGDYRGLYGMDVWGQGTTVTVSS
5.51E-10,DIQMTQSPSSVSASVGDRVTITCRASQDIGNHLAWYQQKPGKAPKLLIYASSNLASGVPSRFSGSGSGTDFTLTISSLQPEDFANYYCHQYATYPWTFGGGTKVEIK,QVQLVQSGAEVKKPGASVKVSCKVSGYSFTDHSIHWVRQAPGKGLEWMGGINPNIGDTIYAQKFQGRVTMTEDTSTDTAYMELSSLKSEDTAVYYCARDAYSGSYPYYYYGMDVWGQGTTVTVSS
5.77E-10,DIQMTQSPSSVSASVGDRVTITCRASQDIGNHLAWYQQKPGKAPKLLIYGESNRATGVPSRFSGSGSGTDFTLTISSLQPEDFANYYCHQYATYPWTFGGGTKVEIK,QVQLVQSGAEVKKPGASVKVSCKVSGYSFTDHSIHWVRQAPGKGLEWMGGINPYTGDTIYAQKFQGRVTMTEDTSTDTAYMELSSLKSEDTAVYYCARDGYGDYRGLYGMDVWGQGTTVTVSS
5.83E-10,DIQMTQSPSSVSASVGDRVTITCRASEGISNYLAWYQQKPGKAPKLLIYGASDRPSGVPSRFSGSGSGTDFTLTISSLQPEDFANYYCHQYAAYPWTFGGGTKVEIK,QVQLVQSGAEVKKPGASVKVSCKVSGYPFTRSTIHWVRQAPGKGLEWMGGINAGTGDTIYAQKFQGRVTMTEDTSTDTAYMELSSLKSEDTAVYYCARDGYSSGYYGMDVWGQGTTVTVSS
5.87E-10,DIQMTQSPSSVSASVGDRVTITCRASQDIGHYLAWYQQKPGKAPKLLIYDTSKLQSGVPSRFSGSGSGTDFTLTISSLQPEDFANYYCQEYSSYPWTFGGGTKVEIK,QVQLVQSGAEVKKPGASVKVSCKVSGYIFSNHAIHWVRQAPGKGLEWMGGISPSAGDTIYAQKFQGRVTMTEDTSTDTAYMELSSLKSEDTAVYYCARDGYSYGYLSGMDVWGQGTTVTVSS
5.87E-10,DIQMTQSPSSVSASVGDRVTITCRASQNIHSYLAWYQQKPGKAPKLLIYAASSLASGVPSRFSGSGSGTDFTLTISSLQPEDFANYYCHQYSSYPHTFGGGTKVEIK,QVQLVQSGAEVKKPGASVKVSCKVSGYPFTNYAIHWVRQAPGKGLEWMGGINPNIGDTIYAQKFQGRVTMTEDTSTDTAYMELSSLKSEDTAVYYCARDERDYSFDYWGQGTLVTVSS
6.05E-10,DIQMTQSPSSVSASVGDRVTITCRASQAIGNELAWYQQKPGKAPKLLIYRASSLASGVPSRFSGSGSGTDFTLTISSLQPEDFANYYCHQYATYPWTFGGGTKVEIK,QVQLVQSGAEVKKPGASVKVSCKVSGYSFTDHSIHWVRQAPGKGLEWMGGINPYTGDTIYAQKFQGRVTMTEDTSTDTAYMELSSLKSEDTAVYYCARDGYGDYRGLYGMDVWGQGAQVTVSS
6.05E-10,DIQMTQSPSSVSASVGDRVTITCRASQAIGNELAWYQQKPGKAPKLLIYRASSLASGVPSRFSGSGSGTDFTLTISSLQPEDFANYYCHQYATYPWTFGGGTKVEIK,QVQLVQSGAEVKKPGASVKVSCKVSGYSFTDHSIHWVRQAPGKGLEWMGGINPYTGDTIYAQKFQGRVTMTEDTSTDTAYMELSSLKSEDTAVYYCARDGYGDYRGLYGMDVWGQGTTVTVSS
6.22E-10,DIQMTQSPSSVSASVGDRVTITCRASQSISGHLAWYQQKPGKAPKLLIYGASNRAIGIPSRFSGSGSGTDFTLTISSLQPEDFANYYCHQYATYPWTFGGGTKVEIK,QVQLVQSGAEVKKPGASVKVSCKVSGYSFTDHSIHWVRQAPGKGLEWMGGINPYTGDTIYAQKFQGRVTMTEDTSTDTAYMELSSLKSEDTAVYYCARDGYGDYRGLYGMDVWGQGTTVTVSS
6.28E-10,DIQMTQSPSSVSASVGDRVTITCRASEDIRNYLAWYQQKPGKAPKLLIYGASNRAIGIPSRFSGSGSGTDFTLTISSLQPEDFANYYCHQYATYPWTFGGGTKVEIK,QVQLVQSGAEVKKPGASVKVSCKVSGYSFTDHSIHWVRQAPGKGLEWMGGINPYTGDTIYAQKFQGRVTMTEDTSTDTAYMELSSLKSEDTAVYYCARDGYYYDSSGLPTGDAFDIWGQGTMVTVSS
6.38E-10,DIQMTQSPSSVSASVGDRVTITCRASRDISSYLAWYQQKPGKAPKLLIYASSNLASGVPSRFSGSGSGTDFTLTISSLQPEDFANYYCHQYATYPWTFGGGTKVEIK,QVQLVQSGAEVKKPGASVKVSCKVSGYSFTDHSIHWVRQAPGKGLEWMGGINPYTGDTIYAQKFQGRVTMTEDTSTDTAYMELSSLKSEDTAVYYCARDGYGSTAGLDYWGNGTLVTVSS
6.56E-10,DIQMTQSPSSVSASVGDRVTITCRASQDIGNHLAWYQQKPGKAPKLLIYASSNLASGVPSRFSGSGSGTDFTLTISSLQPEDFANYYCHQYATYPWTFGGGTKVEIK,QVQLVQSGAEVKKPGASVKVSCKVSGYSFTSHTIHWVRQAPGKGLEWMGGINPDTGDTIYAQKFQGRVTMTEDTSTDTAYMELSSLKSEDTAVYYCARDAWGRPGTYCGGDCPYSGMDVWGQGTTVTVSS
6.58E-10,DIQMTQSPSSVSASVGDRVTITCRASRDINKYLAWYQQKPGKAPKLLIYASSNLASGVPSRFSGSGSGTDFTLTISSLQPEDFANYYCHQYATYPWTFGGGTKVEIK,QVQLVQSGAEVKKPGASVKVSCKVSGYSFTDHSIHWVRQAPGKGLEWMGGINPYTGDTIYAQKFQGRVTMTEDTSTDTAYMELSSLKSEDTAVYYCAKDGWGSLLNGIAVAGLDYWGQGTLVTVSS
6.70E-10,DIQMTQSPSSVSASVGDRVTITCRASQDIGNHLAWYQQKPGKAPKLLIYASSNLASGVPSRFSGSGSGTDFTLTISSLQPEDFANYYCQQYSTHSWTFGGGTKVEIK,QVQLVQSGAEVKKPGASVKVSCKVSGYSFTDHSIHWVRQAPGKGLEWMGGINPYTGDTIYAQKFQGRVTMTEDTSTDTAYMELSSLKSEDTAVYYCAKDGWGSLLNGIAVAGLDYWGQGTLVTVSS
6.80E-10,DIQMTQSPSSVSASVGDRVTITCRASQGISPYLAWYQQKPGKAPKLLIYDASNLASGVPSRFSGSGSGTDFTLTISSLQPEDFANYYCHQYATYPWTFGGGTKVEIK,QVQLVQSGAEVKKPGASVKVSCKVSGYTFSNHAIHWVRQAPGKGLEWMGGINPNIGDTIYAQKFQGRVTMTEDTSTDTAYMELSSLKSEDTAVYYCARDGYPGDYSGLDVWGQGTTVTVSS
6.81E-10,DIQMTQSPSSVSASVGDRVTITCRASQGINRYLAWYQQKPGKAPKLLIYGASTRAIGIPSRFSGSGSGTDFTLTISSLQPEDFANYYCQQYATYPWTFGGGTKVEIK,QVQLVQSGAEVKKPGASVKVSCKVSGYPFTRSTIHWVRQAPGKGLEWMGGINAGTGDTIYAQKFQGRVTMTEDTSTDTAYMELSSLKSEDTAVYYCARDGYSSGYYGMDVWGQGTTVTVSS
7.04E-10,DIQMTQSPSSVSASVGDRVTITCRASQDIGNWLAWYQQKPGKAPKLLIYDASMRVPGVPSRFSGSGSGTDFTLTISSLQPEDFANYYCHQYATYPWTFGGGTKVEIK,QVQLVQSGAEVKKPGASVKVSCKVSGYSFTDHSIHWVRQAPGKGLEWMGGINPYTGDTIYAQKFQGRVTMTEDTSTDTAYMELSSLKSEDTAVYYCARDGYGDYRGLYGMDVWGQGTLVTVSS
7.15E-10,DIQMTQSPSSVSASVGDRVTITCRASQNIGTYLAWYQQKPGKAPKLLIYDASYLHSGVPSRFSGSGSGTDFTLTISSLQPEDFANYYCQQYSTHSWTFGGGTKVEIK,QVQLVQSGAEVKKPGASVKVSCKVSGYSFTDHSIHWVRQAPGKGLEWMGGINPYTGDTIYAQKFQGRVTMTEDTSTDTAYMELSSLKSEDTAVYYCAKDGWGSLLNGIAVAGLDYWGQGTLVTVSS
7.72E-10,DIQMTQSPSSVSASVGDRVTITCRASQNINDYLAWYQQKPGKAPKLLIYASSNLASGVPSRFSGSGSGTDFTLTISSLQPEDFANYYCHQYATYPWTFGGGTKVEIK,QVQLVQSGAEVKKPGASVKVSCKVSGYSFTDHSIHWVRQAPGKGLEWMGGINPYTGDTIYAQKFQGRVTMTEDTSTDTAYMELSSLKSEDTAVYYCAKDGWGSLLNGIAVAGLDYWGQGTLVTVSS
7.81E-10,DIQMTQSPSSVSASVGDRVTITCRASEGISNYLAWYQQKPGKAPKLLIYGASIRESGVPSRFSGSGSGTDFTLTISSLQPEDFANYYCHQYAAYPWTFGGGTKVEIK,QVQLVQSGAEVKKPGASVKVSCKVSGYPFTRSTIHWVRQAPGKGLEWMGGINAGTGDTIYAQKFQGRVTMTEDTSTDTAYMELSSLKSEDTAVYYCARDGYSSGYYGMDVWGQGTTVTVSS
7.94E-10,DIQMTQSPSSVSASVGDRVTITCRASRDISSYLAWYQQKPGKAPKLLIYGASTRASGVPSRFSGSGSGTDFTLTISSLQPEDFANYYCLQYSIYPWTFGGGTKVEIK,QVQLVQSGAEVKKPGASVKVSCKVSGYTSPATIHWVRQAPGKGLEWMGGISPYKGDTIYAQKFQGRVTMTEDTSTDTAYMELSSLKSEDTAVYYCAKDSYYYDSSGSGLGGGFDYWGQGTLVTVSS
8.33E-10,DIQMTQSPSSVSASVGDRVTITCRASQTIGTYLAWYQQKPGKAPKLLIYASSNLASGVPSRFSGSGSGTDFTLTISSLQPEDFANYYCHQYATYPWTFGGGTKVEIK,QVQLVQSGAEVKKPGASVKVSCKVSGYSFTDHSIHWVRQAPGKGLEWMGGINPYTGDTIYAQKFQGRVTMTEDTSTDTAYMELSSLKSEDTAVYYCARDGYGSGSPSYYYGMDVWGQGTTVTVSS
8.54E-10,DIQMTQSPSSVSASVGDRVTITCRASQDIGNHLAWYQQKPGKAPKLLIYASSNLASGVPSRFSGSGSGTDFTLTISSLQPEDFANYYCHQYATYPWTFGGGTKVEIK,QVQLVQSGAEVKKPGASVKVSCKVSGYSFSTYTIHWVRQAPGKGLEWMGGINPYTGDTIYAQKFQGRVTMTEDTSTDTAYMELSSLKSEDTAVYYCARDGYSGYESSYYYYGMDVWGQGTTVTVSS
9.03E-10,DIQMTQSPSSVSASVGDRVTITCRASQDIGNHLAWYQQKPGKAPKLLIYGTSSRVTGVPSRFSGSGSGTDFTLTISSLQPEDFANYYCQQYNAFPWTFGGGTKVEIK,QVQLVQSGAEVKKPGASVKVSCKVSGYTLSDHAIHWVRQAPGKGLEWMGGIGPGQGDTIYAQKFQGRVTMTEDTSTDTAYMELSSLKSEDTAVYYCARDGYGDYRGLYGMDVWGQGTTVTVSS
9.28E-10,DIQMTQSPSSVSASVGDRVTITCRASQDIGNHLAWYQQKPGKAPKLLIYGASIRESGVPSRFSGSGSGTDFTLTISSLQPEDFANYYCQQYSAFPWTFGGGTKVEIK,QVQLVQSGAEVKKPGASVKVSCKVSGYTFTANAIHWVRQAPGKGLEWMGGIGPGQGDTIYAQKFQGRVTMTEDTSTDTAYMELSSLKSEDTAVYYCARDGHCSGGSCPSGMDVWGQGTTVTVSS
9.60E-10,DIQMTQSPSSVSASVGDRVTITCRASQSISPYLAWYQQKPGKAPKLLIYDASNLASGVPSRFSGSGSGTDFTLTISSLQPEDFANYYCHQYAAYPWTFGGGTKVEIK,QVQLVQSGAEVKKPGASVKVSCKVSGYSFTSHTIHWVRQAPGKGLEWMGGINPKTGDTIYAQKFQGRVTMTEDTSTDTAYMELSSLKSEDTAVYYCARDGYSYGYLSGMDVWGQGTTVTVSS
1.05E-09,DIQMTQSPSSVSASVGDRVTITCRASQSISGHLAWYQQKPGKAPKLLIYASSNLASGVPSRFSGSGSGTDFTLTISSLQPEDFANYYCHQYATYPWTFGGGTKVEIK,QVQLVQSGAEVKKPGASVKVSCKVSGYSFTDHSIHWVRQAPGKGLEWMGGINPYTGDTIYAQKFQGRVTMTEDTSTDTAYMELSSLKSEDTAVYYCARDGYSGYDYGSVGRDYYYYGMDVWGQGTTVTVSS
1.19E-09,DIQMTQSPSSVSASVGDRVTITCRASRSISGYLAWYQQKPGKAPKLLIYEASQRPSGVPSRFSGSGSGTDFTLTISSLQPEDFANYYCQQYSTYPWTFGGGTKVEIK,QVQLVQSGAEVKKPGASVKVSCKVSGYTFSNHAIHWVRQAPGKGLEWMGGINPNIGDTIYAQKFQGRVTMTEDTSTDTAYMELSSLKSEDTAVYYCARDGYDGSGTYYIHYYGMDVWGQGTTVTVSS
1.22E-09,DIQMTQSPSSVSASVGDRVTITCRASQDIGNHLAWYQQKPGKAPKLLIYASSNLASGVPSRFSGSGSGTDFTLTISSLQPEDFANYYCHQYATYPWTFGGGTKVEIK,QVQLVQSGAEVKKPGASVKVSCKVSGYSFTDHSIHWVRQAPGKGLEWMGGINPYTGDTIYAQKFQGRVTMTEDTSTDTAYMELSSLKSEDTAVYYCARDGYYYDSSGSRGEYYYYGMDVWGQGTTVTVSS
1.27E-09,DIQMTQSPSSVSASVGDRVTITCRASQGISTHLAWYQQKPGKAPKLLIYESNQRPSGVPSRFSGSGSGTDFTLTISSLQPEDFANYYCQQYSAFPWTFGGGTKVEIK,QVQLVQSGAEVKKPGASVKVSCKVSGYPFTNYAIHWVRQAPGKGLEWMGGINPSLGDTIYAQKFQGRVTMTEDTSTDTAYMELSSLKSEDTAVYYCARDGYSYGYLSGMDVWGQGTTVTVSS
1.27E-09,DIQMTQSPSSVSASVGDRVTITCRASRDISSYLAWYQQKPGKAPKLLIYGASTRASGVPSRFSGSGSGTDFTLTISSLQPEDFANYYCHQYATYPWTFGGGTKVEIK,QVQLVQSGAEVKKPGASVKVSCKVSGYSFTDHSIHWVRQAPGKGLEWMGGINPYTGDTIYAQKFQGRVTMTEDTSTDTAYMELSSLKSEDTAVYYCARDAWGRPGTYCGGDCPYSGMDVWGQGTTVTVSS
1.33E-09,DIQMTQSPSSVSASVGDRVTITCRASQDIGNHLAWYQQKPGKAPKLLIYASSNLASGVPSRFSGSGSGTDFTLTISSLQPEDFANYYCHQYATYPWTFGGGTKVEIK,QVQLVQSGAEVKKPGASVKVSCKVSGYSFTDHSIHWVRQAPGKGLEWMGGINPYTGDTIYAQKFQGRVTMTEDTSTDTAYMELSSLKSEDTAVYYCARDGYCSGGSCYGYYYGMDVWGQGTTVTVSS
1.37E-09,DIQMTQSPSSVSASVGDRVTITCRASQDIKNYLAWYQQKPGKAPKLLIYEASKLQSGVPSRFSGSGSGTDFTLTISSLQPEDFANYYCHQYATYPWTFGGGTKVEIK,QVQLVQSGAEVKKPGASVKVSCKVSGYSFTDHSIHWVRQAPGKGLEWMGGINPYTGDTIYAQKFQGRVTMTEDTSTDTAYMELSSLKSEDTAVYYCARDAYSGSYPYYYYGMDVWGQGTTVTVSS
1.41E-09,DIQMTQSPSSVSASVGDRVTITCRASQDIGNHLAWYQQKPGKAPKLLIYASSNLASGVPSRFSGSGSGTDFTLTISSLQPEDFANYYCHQYATYPWTFGGGTKVEIK,QVQLVQSGAEVKKPGASVKVSCKVSGYSFTDHSIHWVRQAPGKGLEWMGGINPYTGDTIYAQKFQGRVTMTEDTSTDTAYMELSSLKSEDTAVYYCARDGYDFWSGSYGMDVWGQGTTVTVSS
1.41E-09,DIQMTQSPSSVSASVGDRVTITCRASQDIGNHLAWYQQKPGKAPKLLIYASSNLASGVPSRFSGSGSGTDFTLTISSLQPEDFANYYCHQYATYPWTFGGGTKVEIK,QVQLVQSGAEVKKPGASVKVSCKVSGYSFTDHSIHWVRQAPGKGLEWMGGINPYTGDTIYAQKFQGRVTMTEDTSTDTAYMELSSLKSEDTAVYYCARDGYDFWSGSYGMDVWGQGAQVTVSS
1.41E-09,DIQMTQSPSSVSASVGDRVTITCRASQDIGNHLAWYQQKPGKAPKLLIYASSNLASGVPSRFSGSGSGTDFTLTISSLQPEDFANYYCHQYATYPWTFGGGTKVEIK,QVQLVQSGAEVKKPGASVKVSCKVSGYSFTDHSIHWVRQAPGKGLEWMGGINPYTGDTIYAQKFQGRVTMTEDTSTDTAYMELSSLKSEDTAVYYCARDGYDFWSGSYGMDVWGQGTLVTVSS
1.42E-09,DIQMTQSPSSVSASVGDRVTITCRASQAISSHLAWYQQKPGKAPKLLIYEASKLQSGVPSRFSGSGSGTDFTLTISSLQPEDFANYYCQQYSVYPWTFGGGTKVEIK,QVQLVQSGAEVKKPGASVKVSCKVSGYSFTSHTIHWVRQAPGKGLEWMGGINPYTGDTIYAQKFQGRVTMTEDTSTDTAYMELSSLKSEDTAVYYCARDGYYGSGTYYYYGMDVWGQGTTVTVSS
1.54E-09,DIQMTQSPSSVSASVGDRVTITCRASQSISGHLAWYQQKPGKAPKLLIYGASNRAIGIPSRFSGSGSGTDFTLTISSLQPEDFANYYCHQYATYPWTFGGGTKVEIK,QVQLVQSGAEVKKPGASVKVSCKVSGYSFTDHSIHWVRQAPGKGLEWMGGINPYTGDTIYAQKFQGRVTMTEDTSTDTAYMELSSLKSEDTAVYYCARDGYYYDSSGLPTGDAFDIWGQGTMVTVSS
1.55E-09,DIQMTQSPSSVSASVGDRVTITCRASQDIDTYLAWYQQKPGKAPKLLIYASSNLASGVPSRFSGSGSGTDFTLTISSLQPEDFANYYCHQYATYPWTFGGGTKVEIK,QVQLVQSGAEVKKPGASVKVSCKVSGYSFTDHSIHWVRQAPGKGLEWMGGIDPYTGATIYAQKFQGRVTMTEDTSTDTAYMELSSLKSEDTAVYYCARDGYDFWSGSYGMDVWGQGTTVTVSS
1.59E-09,DIQMTQSPSSVSASVGDRVTITCRASQPISSYLAWYQQKPGKAPKLLIYEASKLQSGVPSRFSGSGSGTDFTLTISSLQPEDFANYYCHQYATYPWTFGGGTKVEIK,QVQLVQSGAEVKKPGASVKVSCKVSGYPFPSYAIHWVRQAPGKGLEWMGGINPYTGDTIYAQKFQGRVTMTEDTSTDTAYMELSSLKSEDTAVYYCARDGYGDYRGLYGMDVWGQGTTVTVSS
1.64E-09,DIQMTQSPSSVSASVGDRVTITCRASQDIGNHLAWYQQKPGKAPKLLIYASSNLASGVPSRFSGSGSGTDFTLTISSLQPEDFANYYCHQYATYPWTFGGGTKVEIK,QVQLVQSGAEVKKPGASVKVSCKVSGYSFTDHSIHWVRQAPGKGLEWMGGINPYTGDTIYAQKFQGRVTMTEDTSTDTAYMELSSLKSEDTAVYYCARDAYGGNSETFWYYGMDVWGQGTTVTVSS
1.70E-09,DIQMTQSPSSVSASVGDRVTITCRASQNIGTYLAWYQQKPGKAPKLLIYEANKRPSGVPSRFSGSGSGTDFTLTISSLQPEDFANYYCQQYAGFPWSFGGGTKVEIK,QVQLVQSGAEVKKPGASVKVSCKVSGDTFSNHAIHWVRQAPGKGLEWMGGISPYKGDTIYAQKFQGRVTMTEDTSTDTAYMELSSLKSEDTAVYYCARDAYGERPDYYYYGMDVWGQGTTVTVSS
1.79E-09,DIQMTQSPSSVSASVGDRVTITCRASQNIHSYLAWYQQKPGKAPKLLIYAASSLASGVPSRFSGSGSGTDFTLTISSLQPEDFANYYCHQYSSYPHTFGGGTKVEIK,QVQLVQSGAEVKKPGASVKVSCKVSGYTFSNHAIHWVRQAPGKGLEWMGGINPNIGDTIYAQKFQGRVTMTEDTSTDTAYMELSSLKSEDTAVYYCARDERDYSFDYWGQGTLVTVSS
1.80E-09,DIQMTQSPSSVSASVGDRVTITCRASQDIGNHLAWYQQKPGKAPKLLIYASSNLASGVPSRFSGSGSGTDFTLTISSLQPEDFANYYCHQYATYPWTFGGGTKVEIK,QVQLVQSGAEVKKPGASVKVSCKVSGYSFTDHSIHWVRQAPGKGLEWMGGINPYTGDTIYAQKFQGRVTMTEDTSTDTAYMELSSLKSEDTAVYYCAKDGWGSLLNGIAVAGLDYWGQGTLVTVSS
2.39E-09,DIQMTQSPSSVSASVGDRVTITCRASQDIGNHLAWYQQKPGKAPKLLIYASSNLASGVPSRFSGSGSGTDFTLTISSLQPEDFANYYCHQYATYPWTFGGGTKVEIK,QVQLVQSGAEVKKPGASVKVSCKVSGYSFTSHTIHWVRQAPGKGLEWMGGINPYTGDTIYAQKFQGRVTMTEDTSTDTAYMELSSLKSEDTAVYYCARDGYYYDSSGSRGEYYYYGMDVWGQGTTVTVSS
2.40E-09,DIQMTQSPSSVSASVGDRVTITCRASQDIGNHLAWYQQKPGKAPKLLIYASSNLASGVPSRFSGSGSGTDFTLTISSLQPEDFANYYCHQYATYPWTFGGGTKVEIK,QVQLVQSGAEVKKPGASVKVSCKVSGYSFTDHSIHWVRQAPGKGLEWMGGINPYTGDTIYAQKFQGRVTMTEDTSTDTAYMELSSLKSEDTAVYYCARDGYCSGGSCYSFSGYGMDVWGQGTTVTVSS
3.03E-09,EIVMTQSPATLSLSPGERATLSCRASRSIGSNLAWYQQKPGQAPRLLIYDATSRAAGIPARFSGSGSGTDFTLTISSLQPEDFANYYCQQYGAYPWTFGGGTKVEIK,QVQLVQSGAEVKKPGASVKVSCKVSGYTFTSHAIHWVRQAPGKGLEWMGGISPYRGDTIYAQKFQGRVTMTEDTSTDTAYMELSSLKSEDTAVYYCARDGYSGYESSYYYYGMDVWGQGTTVTVSS
3.05E-09,DIQMTQSPSSVSASVGDRVTITCRASQGIGRDLAWYQQKPGKAPKLLIYEASTLKPGVPSRFSGSGSGTDFTLTISSLQPEDFANYYCHQYAAYPWTFGGGTKVEIK,QVQLVQSGAEVKKPGASVKVSCKVSGYPFTRSTIHWVRQAPGKGLEWMGGINAGTGDTIYAQKFQGRVTMTEDTSTDTAYMELSSLKSEDTAVYYCARDGYSSGYYGMDVWGQGTTVTVSS
3.24E-09,DIQMTQSPSSVSASVGDRVTITCRASQDIGNHLAWYQQKPGKAPKLLIYASSNLASGVPSRFSGSGSGTDFTLTISSLQPEDFANYYCHQYATYPWTFGGGTKVEIK,QVQLVQSGAEVKKPGASVKVSCKVSGYSFTDHSIHWVRQAPGKGLEWMGGINPYTGDTIYAQKFQGRVTMTEDTSTDTAYMELSSLKSEDTAVYYCARDGYNHYYYYYGMDVWGQGTTVTVSS
6.24E-09,DIQMTQSPSSVSASVGDRVTITCRASQSIGSYLAWYQQKPGKAPKLLIYDASNLASGVPSRFSGSGSGTDFTLTISSLQPEDFANYYCHQYATYPWTFGGGTKVEIK,QVQLVQSGAEVKKPGASVKVSCKASGYTFSDYSIHWVRQAPGKGLEWMGGINPNIGDTIYAQKFQGRVTMTEDTSTDTAYMELSSLKSEDTAVYYCARDGYNSLDSWGQGTLVTVSS
8.17E-09,DIQMTQSPSSVSASVGDRVTITCRASHDIRHHLAWYQQKPGKAPKLLIYDASNLAIGVPSRFSGSGSGTDFTLTISSLQPEDFANYYCQQYATYPWTFGGGTKVEIK,QVQLVQSGAEVKKPGASVKVSCKVSGYSFTSHTIHWVRQAPGKGLEWMGGINPKTGDTIYAQKFQGRVTMTEDTSTDTAYMELSSLKSEDTAVYYCARDGYGSTAGLDYWGQGTLVTVSS
1.00E-08,DIQMTQSPSSVSASVGDRVTITCRASQSIGTHLAWYQQKPGKAPKLLIYGASNLESGVPSRFSGSGSGTDFTLTISSLQPEDFANYYCQQYKAYPLTFGGGTKVEIK,QVQLVQSGAEVKKPGASVKVSCKVSGYTFTSHAIHWVRQAPGKGLEWMGGISPYRGDTIYAQKFQGRVTMTEDTSTDTAYMELSSLKSEDTAVYYCARDAGVPLDYWGQGTLVTVSS
1.07E-08,DIQMTQSPSSVSASVGDRVTITCRASQNIHSYLAWYQQKPGKAPKLLIYAASSLASGVPSRFSGSGSGTDFTLTISSLQPEDFANYYCHQYATYPWTFGGGTKVEIK,QVQLVQSGAEVKKPGASVKVSCKVSGYSFTDHTIHWVRQAPGKGLEWMGGINPNIGDTIYAQKFQGRVTMTEDTSTDTAYMELSSLKSEDTAVYYCARDHYGDADYYGMDVWGPGTTVTVSS
1.34E-08,DIQMTQSPSSVSASVGDRVTITCRASQGIGRDLAWYQQKPGKAPKLLIYEASTLKPGVPSRFSGSGSGTDFTLTISSLQPEDFANYYCHQYAAYPWTFGGGTKVEIK,QVQLVQSGAEVKKPGASVKVSCKVSGYPFTRSTIHWVRQAPGKGLEWMGGINAGTGDTIYAQKFQGRVTMTEDTSTDTAYMELSSLKSEDTAVYYCARDGYSSSWYDVDDYYGMDVWGQGTTVTVSS
1.48E-08,DIQMTQSPSSVSASVGDRVTITCRASQDIGNHLAWYQQKPGKAPKLLIYGTTSRVAGVPSRFSGSGSGTDFTLTISSLQPEDFANYYCQQYKTYAWTFGGGTKVEIK,QVQLVQSGAEVKKPGASVKVSCKVSGYTFTDHAIHWVRQAPGKGLEWMGGITPYNADTIYAQKFQGRVTMTEDTSTDTAYMELSSLKSEDTAVYYCARDYGDYELYGMDVWGQGTTVTVSS
2.09E-08,DIQMTQSPSSVSASVGDRVTITCRASQDIGNHLAWYQQKPGKAPKLLIYASSNLASGVPSRFSGSGSGTDFTLTISSLQPEDFANYYCHQYATYPWTFGGGTKVEIK,QVQLVQSGAEVKKPGASVKVSCKVSGYSFTDHSIHWVRQAPGKGLEWMGGINPYTGDTIYAQKFQGRVTMTEDTSTDTAYMELSSLKSEDTAVYYCARDGGNWAAPYSMDVWGNGTLVTVSS
3.64E-08,DIQMTQSPSSVSASVGDRVTITCRASQGINRYLAWYQQKPGKAPKLLIYGASTRAIGIPSRFSGSGSGTDFTLTISSLQPEDFANYYCQQYATYPWTFGGGTKVEIK,QVQLVQSGAEVKKPGASVKVSCKVSGYTFSNHAIHWVRQAPGKGLEWMGGINPNIGDTIYAQKFQGRVTMTEDTSTDTAYMELSSLKSEDTAVYYCASETRDGLLYWGQGTLVTVSS
4.94E-08,DIQMTQSPSSVSASVGDRVTITCRASQGIGRDLAWYQQKPGKAPKLLIYEASTLKPGVPSRFSGSGSGTDFTLTISSLQPEDFANYYCHQYAAYPWTFGGGTKVEIK,QVQLVQSGAEVKKPGASVKVSCKVSGYPFTRSTIHWVRQAPGKGLEWMGGINAGTGDTIYAQKFQGRVTMTEDTSTDTAYMELSSLKSEDTAVYYCARDGQPISYYYGMDVWGQGTTVTVSS
6.61E-08,DIQMTQSPSSVSASVGDRVTITCRASRDISSYLAWYQQKPGKAPKLLIYGASTRASGVPSRFSGSGSGTDFTLTISSLQPEDFANYYCLQYSIYPWTFGGGTKVEIK,QVQLVQSGAEVKKPGASVKVSCKVSGYPFTRSTIHWVRQAPGKGLEWMGGINAGTGDTIYAQKFQGRVTMTEDTSTDTAYMELSSLKSEDTAVYYCARDGQPISYYYGMDVWGQGTTVTVSS
1.67E-07,DIQMTQSPSSVSASVGDRVTITCRASQFIRNDLAWYQQKPGKAPKLLIYDVSNRPAGVPSRFSGSGSGTDFTLTISSLQPEDFANYYCLQYSIYPWTFGGGTKVEIK,QVQLVQSGAEVKKPGASVKVSCKVSGYPFTSSAIHWVRQAPGKGLEWMGGISAYRGDTIYAQKFQGRVTMTEDTSTDTAYMELSSLKSEDTAVYYCARDGFDVGTAKSLDYWGPGTLVTVSS
3.15E-07,DIQMTQSPSSVSASVGDRVTITCRASRDISSYLAWYQQKPGKAPKLLIYGASTRASGVPSRFSGSGSGTDFTLTISSLQPEDFANYYCLQYSIYPWTFGGGTKVEIK,QVQLVQSGAEVKKPGASVKVSCKVSGVTFRSYAIHWVRQAPGKGLEWMGGISAYRGDTIYAQKFQGRVTMTEDTSTDTAYMELSSLKSEDTAVYYCARDGSSSLDYWGQGTLVTVSS
5.40E-07,DIQMTQSPSSVSASVGDRVTITCRASQDIGSYLAWYQQKPGKAPKLLIYGASNLESGVPSRFSGSGSGTDFTLTISSLQPEDFANYYCQQYKAYPLTFGGGTKVEIK,QVQLVQSGAEVKKPGASVKVSCKVSGYTFTSHAIHWVRQAPGKGLEWMGGISPYRGDTIYAQKFQGRVTMTEDTSTDTAYMELSSLKSEDTAVYYCARDAGVPLDYWGQGTLVTVSS
6.45E-07,DIQMTQSPSSVSASVGDRVTITCRASEGISNYLAWYQQKPGKAPKLLIYGASTRASGVPSRFSGSGSGTDFTLTISSLQPEDFANYYCQEYSSYPWTFGGGAKVEIK,QVQLVQSGAEVKKPGASVKVSCKVSGYSFTDHSIHWVRQAPGKGLEWMGGINPYTGDTIYAQKFQGRVTMTEDTSTDTAYMELSSLKSEDTAVYYCARDGYDFWSGSYGMDVWGQGTTVTVSS
1.00E-06,DIQMTQSPSSVSASVGDRVTITCRASHSISNYLAWYQQKPGKAPKLLIYGASSRATGVPSRFSGSGSGTDFTLTISSLQPEDFANYYCHQYATYPWTFGGGTKVEIK,QVQLVQSGAEVKKPGASVKVSCKVSGYSFTDHSIHWVRQAPGKGLEWMGGINPYTGDTIYAQKFQGRVTMTEDTSTDTAYMELSSLKSEDTAVYYCARDGYDFWSGSYGMDVWGQGTTVTVSS
1.00E-06,DIQMTQSPSSVSASVGDRVTITCRASQGISTYLAWYQQKPGKAPKLLIYDAATRATGIPSRFSGSGSGTDFTLTISSLQPEDFANYYCHQYATYPWTFGGGTKVEIK,QVQLVQSGAEVKKPGASVKVSCKVSGYSFTDHSIHWVRQAPGKGLEWMGGINPYTGDTIYAQKFQGRVTMTEDTSTDTAYMELSSLKSEDTAVYYCARDGYDFWSGSYGMDVWGQGTTVTVSS
1.00E-06,DIQMTQSPSSVSASVGDRVTITCRASQSISGHLAWYQQKPGKAPKLLIYGASNRAIGIPSRFSGSGSGTDFTLTISSLQPEDFANYYCHQYATYPWTFGGGTKVEIK,QVQLVQSGAEVKKPGASVKVSCKVSGYSFTDHSIHWVRQAPGKGLEWMGGINPYTGDTIYAQKFQGRVTMTEDTSTDTAYMELSSLKSEDTAVYYCARDGYDFWSGSYGMDVWGQGTTVTVSS
1.00E-06,DIQMTQSPSSVSASVGDRVTITCRASQPISSYLAWYQQKPGKAPKLLIYEASKLQSGVPSRFSGSGSGTDFTLTISSLQPEDFANYYCHQYATYPWTFGGGTKVEIK,QVQLVQSGAEVKKPGASVKVSCKVSGYSFTDHSIHWVRQAPGKGLEWMGGINPYTGDTIYAQKFQGRVTMTEDTSTDTAYMELSSLKSEDTAVYYCARDGYDFWSGSYGMDVWGQGTTVTVSS
1.00E-06,DIQMTQSPSSVSASVGDRVTITCRASQTIGTYLAWYQQKPGKAPKLLIYMGSGRVSGVPSRFSGSGSGTDFTLTISSLQPEDFANYYCHQYATYPWTFGGGTKVEIK,QVQLVQSGAEVKKPGASVKVSCKVSGYSFTDHSIHWVRQAPGKGLEWMGGINPYTGDTIYAQKFQGRVTMTEDTSTDTAYMELSSLKSEDTAVYYCARDGYDFWSGSYGMDVWGQGTTVTVSS
1.00E-06,DIQMTQSPSSVSASVGDRVTITCRASQPISSYLAWYQQKPGKAPKLLIYGASSLQPGVPSRFSGSGSGTDFTLTISSLQPEDFANYYCHQYATYPWTFGGGTKVEIK,QVQLVQSGAEVKKPGASVKVSCKVSGYSFTDHSIHWVRQAPGKGLEWMGGINPYTGDTIYAQKFQGRVTMTEDTSTDTAYMELSSLKSEDTAVYYCARDGYDFWSGSYGMDVWGQGTTVTVSS
1.00E-06,DIQMTQSPSSVSASVGDRVTITCRASQGISQYLAWYQQKPGKAPKLLIYGASTLQAGVPSRFSGSGSGTDFTLTISSLQPEDFANYYCLQYDTYPWTFGGGTKVEIK,QVQLVQSGAEVKKPGASVKVSCKVSGYTFTNYPIHWVRQAPGKGLEWMGGINPKRGDTIYAQKFQGRVTMTEDTSTDTAYMELSSLKSEDTAVYYCARDGVGAPGDYWGQGTLVTVSS
1.00E-06,DIQMTQSPSSVSASVGDRVTITCRASQGISNHLAWYQQKPGKAPKLLIYAASSRATGVPSRFSGSGSGTDFTLTISSLQPEDFANYYCLQYDTYPWTFGGGTKVEIK,QVQLVQSGAEVKKPGASVKVSCKVSGYTFTNYPIHWVRQAPGKGLEWMGGINPKRGDTIYAQKFQGRVTMTEDTSTDTAYMELSSLKSEDTAVYYCARDGVGAPGDYWGQGTLVTVSS
1.00E-06,DIQMTQSPSSVSASVGDRVTITCRASEGISNYLAWYQQKPGQDPRLLIYGASSRAPGIPARFSGSGSGTDFTLTISSLEPEDFAVYYCRQYTTSPWTFGGGTKVEIK,QVQLVQSGAEVKKPGASVKVSCKVSAGTLSSYAIHWVRQAPGKGLEWMGGISPYSGHTIYAQKFQGRVTMTEDTSTDTAYMELSSLKSEDTAVYYCARDSSSAPFDPWGQGTLVTVSS
1.00E-06,DIQMTQSPSSVSASVGDRVTITCRASQGIRSDLAWYQQKPGKAPKLLIYQDNVRPSGVPSRFSGSGSGTDFTLTISSLQPEDFANYYCQQSGRTFGGGTKVGIK,QVQLVQSGAEVKKPGASVKVSCKVSGYTDTSYGIHWVRQAPGKGLEWMGGIIPSAGSTIYAQKFQGRVTMTEDTSTDTAYMELSSLKSEDTAVYYCAREGDGELDYWGQGTLVTVSS
1.00E-06,DIQMTQSPSSVSASVGDRVTITCRASQSIANYLAWYQQKPGKAPKLLIYESQKRPSGVPSRFSGSGSGTDFTLTISSLQPEDFANYYCQQSDTFPRTFGGGTKVEIK,QVQLVQSGAEVKKPGASVKVSCKVSGATFSSSGIHWVRQAPGKGLEWMGGFIPEEGETIYAQKFQGRVTMTEDTSTDTAYMELSSLKSEDTAVYYCTRLTSGDSVPDSWGQGTLVTVSS
1.00E-06,DIQMTQSPSSVSASVGDRVTITCRASQNIFRYLAWYQQKPGKAPKLLIYDTFNRATGVPSRFSGSGSGTDFTLTISSLQPEDFANYYCQQYDQYPITFGGGTKVEIK,QVQLVQSGAEVKKPGASVKVSCKVSGYTSPATIHWVRQAPGKGLEWMGGISPYKGDTIYAQKFQGRVTMTEDTSTDTAYMELSSLKSEDTAVYYCARLPSGSNTPDYWGQGTLVTVSS
1.00E-06,DIQMTQSPSSVSASVGDRVTITCRASQSISGHLAWYQQKPGKAPKLLIYGASNRAIGIPSRFSGSGSGTDFTLTISSLQPEDFANYYCHQYATYPWTFGGGTKVEIK,QVQLVQSGAEVKKPGASVKVSCKVSGYSFTDHSIHWVRQAPGKGLEWMGGINPYTGDTIYAQKFQGRVTMTEDTSTDTAYMELSSLKSEDTAVYYCARDAYPGYYGMDVWGQGTTVTVSS
1.00E-06,DIQMTQSPSSVSASVGDRVTITCRASQYIRNDLAWYQQKPGKAPKLLIYDASSLESGVPSRFSGSGSGTDFTLTISSLQPEDFANYYCQQSNVAPRTFGGGTKVEIK,QVQLVQSGAEVKKPGASVKVSCKVSGYSLTELPIHWVRQAPGKGLEWMGGIIPTLGSAIYAQKFQGRVTMTEDTSTDTAYMELSSLKSEDTAVYYCATGEEMATDYWGQGTLVTVSS
1.00E-06,DIQMTQSPSSVSASVGDRVTITCRASQVIGNDLAWYQQKPGKAPKLLIYGASHLQSGVPSRFSGSGSGTDFTLTISSLQPEDFANYYCQQPHSYPRTFGGGTKVEIK,QVQLVQSGAEVKKPGASVKVSCKVSGYTSTSSGIHWVRQAPGKGLEWMGGMSPTSGDTIYAQKFQGRVTMTEDTSTDTAYMELSSLKSEDTAVYYCASMRGKFGELLVDYWGQGTLVTVSS
1.00E-06,DIQMTQSPSSVSASVGDRVTITCRASQGINKNLAWYQQKPGKAPKLLIYANDMRATGVPSRFSGSGSGTDFTLTISSLQPEDFANYYCLQYNAFSWTFGGGTKVEIK,QVQLVQSGAEVKKPGASVKVSCKVSGDTFSSHAIHWVRQAPGKGLEWMGGIDPYTGATIYAQKFQGRVTMTEDTYTDTAYMELSSLKSEDTAVYYCARDRGGYGMDVWGQGTTVTVSS
1.00E-06,DIQMTQSPSSVSASVGDRVTITCRASQNIHSYLAWYQQKPGKAPKLLIYAASSLASGVPSRFSGSGSGTDFTLTISSLQPEDFANYYCHQYAAYPWTFGGGTKVEIK,QVQLVQSGAEVKKPGASVKVSCKVSGYPFTRSTIHWVRQAPGKGLEWMGGINAGTGDTIYAQKFQGRVTMTEDTSTDTAYMELSSLKSEDTAVYYCARDGYSSGYYGMDVWGQGTTVTVSS
1.00E-06,DIQMTQSPSSVSASVGDRVTITCRASQNIFRYLAWYQQKPGKAPKLLIYDTFNRATGVPSRFSGSGSGTDFTLTISSLQPEDFANYYCQQYDQYPITFGGGTKVEIK,QVQLVQSGAEVKKPGASVKVSCKVSGYSFTDHSIHWVRQAPGKGLEWMGGINPYTGDTIYAQKFQGRVTMTEDTSTDTAYMELSSLKSEDTAVYYCARDGFDVGTTKSLDYWGPGTLVTVSS
1.00E-06,DIQMTQSPSSVSASVGDRVTITCRASQDIGRYLAWYQQKPGKAPKLLIYGSSNCAAGVPSRFSGSGSGTDFTLTISSLQPEDFANYYCQQYVSFPLTFGGGTKVEIK,QVQLVQSGAEVKKPGASVKVSCKVSGHTFSDKAIHWVRQAPGKGLEWMGGIHPKSGDTIYAQKFQGRVTMTEDTSTDTAYMELSSLKSEDTAVYYCARYGYYDFWSGYPYYYYYGMDVWGQGTTVTVSS
1.00E-06,DIQMTQSPSSVSASVGDRVTITCRASQSIGSYLAWYQQKPGKAPKLLIYSGSTLKPGVPSRFSGSGSGTDFTLTISSLQPEDFANYYCHQYAAYPWTFGGGTKVEIK,QVQLVQSGAEVKKPGASVKVSCKVSGYPFTRSTIHWVRQAPGKGLEWMGGINAGTGDTIYAQKFQGRVTMTEDTSTDTAYMELSSLKSEDTAVYYCARDGYSSGYYGMDVWGQGTTVTVSS
1.00E-06,EIVMTQSPATLSLSPGERATLSCRASQSLGTNLAWYQQKPGQAPRLLIYGASSRPSGIPARFSGSGSGTDFTLTISSLEPEDFAVYYCQQYDTHPLSFGGGTKVEIK,QVQLQESGPGLVKPSQTLSLTCTVSGEPLSDHYWSWIRQPPGKGLEWIGYMDTSGSPDYNPSLKSRVTMSVDTSKNQFSLKVNSVTAADTAVYYCARSRARTLATAFDIWGQGTMVTVSS
1.00E-06,DIQMTQSPSSVSASVGDRVTITCRASHHIDRHLAWYQQKPGKAPKLLIYGPNQRPSGVPSRFSGSGSGTDFTLTISSLQPEDFANYYCQQTFTTPETFGGGTKVEIK,QVQLVQSGAEVKKPGASVKVSCKVSGYTFPGSYIHWVRQAPGKGLEWMGGTIPTLGTAIYAQKFQGRVTMTEDTSTDTAYMELSSLKSEDTAVYYCAVVDCSGDCYPGYWGQGTLVTVSS
1.00E-06,DIQMTQSPSSVSASVGDRVTITCRASQNIRNYLAWYQQKPGKAPKLLIYGASKLETGVPSRFSGSGSGTDFTLTISSLQPEDFANYYCRQYESLPYTFGGGTKVEIK,QVQLVQSGAEVKKPGASVKVSCKVSGYPFTSSYIHWVRQAPGKGLEWMGGINIVSGDTIYAQKFQGRVTMTEDTSTDTAYMELSSLKSEDTAVYYCVKSAGSGYPLWGQGTLVTVSS
1.00E-06,DIVMTQSPDSLAVSLGERATINCKSSQSVLDTSTFKNYLAWYQQKPGQPPKLLIYGASTRATGVPDRFSGSGSGTDFTLTISSLQAEDVAVYYCQQSYSSPITFGGGTKVEIK,QVTLRESGPALVKPTQTLTLTCTVSGFSLSSGSMGVNWIRQPPGKALEWIGYVSYSGDAVYNSALKSRLTISKDTSKNQVVLTMTNMDPVDTATYYCAKGSPENYGDYDYWGQGTLVTVSS
1.00E-06,DIQMTQSPSSVSASVGDRVTITCRASQHIGTELAWYQQKPGKAPKLLIYKASTLEPGVPSRFSGSGSGTDFTLTISSLQPEDFANYYCQQYHNYPGTFGGGTKVEIK,QVQLVQSGAEVKKPGASVKVSCKVSGYTLSDLSIHWVRQAPGKGLEWMGGMDPATGQTIYAQKFQGRVTMTEDTSTDTAYMELSSLKSEDTAVYYCATFNPHDTSGSSPDYWGQGTLVTVSS
3.55E-05,DIQMTQSPSSVSASVGDRVTITCRASQNIGSYLAWYQQKPGKAPKLLIYDVSRLQSGVPSRFSGSGSGTDFTLTISSLQPEDFANYYCQQYAAYPWTFGGGTKVEIK,QVQLVQSGAEVKKPGASVKVSCKVSGYTLSDLSIHWVRQAPGKGLEWMGGMSPKSGDTIYAQKFQGRVTMTEDTSTDTAYMELSSLKSEDTAVYYCARDDGVPPYGMDVWGQGTTVTVSS
0.000114754,DIQMTQSPSSVSASVGDRVTITCRASQVIGSYLAWYQQKPGKAPKLLIYDASHRAPGIPSRFSGSGSGTDFTLTISSLQPEDFANYYCHQYASYPWTFGGGTKVEIK,QVQLVQSGAEVKKPGASVKVSCKVSGYTFRNYAIHWVRQAPGKGLEWMGGINPTSGDTIYAQKFQGRVTMTEDTSTDTAYMELSSLKSEDTAVYYCARDTAVALDYWGQGTLVTVSS
0.000205188,DIQMTQSPSSVSASVGDRVTITCRAPQDIGRALAWYQQKPGKAPKLLIYEGSRLESGVPSRFSGSGSGTDFTLTISSLQPEDFANYYCHQYASYPWTFGGGTKVEIK,QVQLVQSGAEVKKPGASVKVSCKVSGRTFSSYSIHWVRQAPGKGLEWMGGINPRTGDTIYAQKFQGRVTMTEDTSTDTAYMELSSLKSEDTAVYYCARDSYGSGADLGDYYGMDVWGQGTTVTVSS
